{
   "dependencies":{
      "particles":[
         
      ],
      "models":[
         {
            "path":"data/hd/items/misc/gem/ap_item/ap_item.model"
         }
      ],
      "skeletons":[
         {
            "path":"data/hd/items/dropped_items/skeleton/dropped_items.skeleton"
         }
      ],
      "animations":[
         
      ],
      "textures":[
         {
            "path":"data/hd/items/misc/gem/ap_item/misc_ap_item_ALB.texture"
         },
         {
            "path":"data/hd/items/misc/gem/ap_item/misc_ap_item_NRM.texture"
         },
         {
            "path":"data/hd/items/misc/gem/ap_item/misc_ap_item_ORM.texture"
         }
      ],
      "physics":[
         
      ],
      "json":[
         {
            "path":"data/hd/items/dropped_items/dropped_items_helms_flip_nw.json"
         }
      ],
      "variantdata":[
         
      ],
      "objecteffects":[
         
      ],
      "other":[
         
      ]
   },
   "type":"UnitDefinition",
   "name":"ap_item",
   "entities":[
      {
         "type":"Entity",
         "name":"entity_root",
         "id":4131382401,
         "components":[
            {
               "type":"UnitRootComponent",
               "name":"component_root",
               "state_machine_filename":"data/hd/items/dropped_items/dropped_items_helms_flip_nw.json",
               "doNotInheritRotation":false,
               "rotationOverride":{
                  "x":0.0,
                  "y":0.3826834,
                  "z":0.0,
                  "w":0.9238795
               },
               "doNotUseHDHeight":false,
               "hideAllMeshWhenInOpenedMode":false,
               "onCreateEventName":"",
               "animations":[
                  
               ]
            },
            {
               "type":"SkeletonDefinitionComponent",
               "name":"component_skeleton",
               "filename":"data/hd/items/dropped_items/skeleton/dropped_items.skeleton"
            }
         ]
      },
      {
         "type":"Entity",
         "name":"entity_model",
         "id":607486760,
         "components":[
            {
               "type":"ModelDefinitionComponent",
               "name":"component_model_ap_item",
               "filename":"data/hd/items/misc/gem/ap_item/ap_item.model",
               "visibleLayers":1,
               "lightMask":19,
               "shadowMask":3,
               "ghostShadows":false,
               "floorModel":false,
               "terrainBlendEnableYUpBlend":false,
               "terrainBlendMode":1
            }
         ]
      }
   ]
}